<fotos>
    <foto>
        <id>1</id>
        <nombre>FotoGarage</nombre>
        <fecha>12/04/25</fecha>
        <tipoDeArchivo>jpg</tipoDeArchivo>
        <peso>45.3</peso>
        <favorito>true</favorito>
    </foto>
    <foto>
        <id>2</id>
        <nombre>FotoPerro</nombre>
        <fecha>23/06/25</fecha>
        <tipoDeArchivo>png</tipoDeArchivo>
        <peso>25.3</peso>
        <favorito>true</favorito>
    </foto>
    <foto>
        <id>3</id>
        <nombre>FotoGato</nombre>
        <fecha>02/08/25</fecha>
        <tipoDeArchivo>png</tipoDeArchivo>
        <peso>15.3</peso>
        <favorito>false</favorito>
    </foto>
    <foto>
        <id>4</id>
        <nombre>FotoCasa</nombre>
        <fecha>18/01/25</fecha>
        <tipoDeArchivo>png</tipoDeArchivo>
        <peso>12.5</peso>
        <favorito>true</favorito>
    </foto>
    <foto>
        <id>5</id>
        <nombre>FotoMontaña</nombre>
        <fecha>05/03/25</fecha>
        <tipoDeArchivo>jpg</tipoDeArchivo>
        <peso>14.8</peso>
        <favorito>false</favorito>
    </foto>
    <foto>
        <id>6</id>
        <nombre>FotoPlaya</nombre>
        <fecha>20/07/25</fecha>
        <tipoDeArchivo>jpeg</tipoDeArchivo>
        <peso>18.0</peso>
        <favorito>true</favorito>
    </foto>
</fotos>
