[
    {
        "id": 1,
        "nombre": "FotoGarage",
        "fecha": "2023-05-10",
        "tipoDeArchivo": "jpg",
        "peso": 45.3,
        "favorito": true
    },
    {
        "id": 2,
        "nombre": "FotoPerro",
        "fecha": "2023-05-11",
        "tipoDeArchivo": "png",
        "peso": 25.3,
        "favorito": true
    },
    {
        "id": 3,
        "nombre": "FotoGato",
        "fecha": "2023-05-12",
        "tipoDeArchivo": "png",
        "peso": 15.3,
        "favorito": false
    }
]