[
  {
    "id": 1,
    "nombre": "FotoGarage",
    "fecha": "2023-05-10",
    "tipoDeArchivo": "jpg",
    "peso": 45.3,
    "favorito": true
  },
  {
    "id": 2,
    "nombre": "FotoPerro",
    "fecha": "2023-05-11",
    "tipoDeArchivo": "png",
    "peso": 25.3,
    "favorito": true
  },
  {
    "id": 3,
    "nombre": "FotoGato",
    "fecha": "2023-05-12",
    "tipoDeArchivo": "png",
    "peso": 15.3,
    "favorito": false
  },
  {
    "id": 4,
    "nombre": "FotoPlaya",
    "fecha": "2023-06-01",
    "tipoDeArchivo": "jpeg",
    "peso": 60.0,
    "favorito": true
  },
  {
    "id": 5,
    "nombre": "FotoMontaña",
    "fecha": "2023-06-05",
    "tipoDeArchivo": "jpg",
    "peso": 55.2,
    "favorito": false
  },
  {
    "id": 6,
    "nombre": "FotoLuna",
    "fecha": "2023-06-10",
    "tipoDeArchivo": "png",
    "peso": 20.5,
    "favorito": true
  }
]
