[
    {
        "id": 1,
        "nombre": "fotoCasa",
        "fecha": "12/04/25",
        "tipoDeArchivo": "png",
        "peso": 12.5,
        "favorito": true
    },
    {
        "id": 2,
        "nombre": "fotoFeria",
        "fecha": "23/06/25",
        "tipoDeArchivo": "jpg",
        "peso": 10.5,
        "favorito": true
    },
    {
        "id": 3,
        "nombre": "fotoGato",
        "fecha": "02/08/25",
        "tipoDeArchivo": "png",
        "peso": 6.2,
        "favorito": false
    },
    {
        "id": 4,
        "nombre": "fotoPerro",
        "fecha": "18/01/25",
        "tipoDeArchivo": "png",
        "peso": 11.1,
        "favorito": true
    },
    {
        "id": 5,
        "nombre": "fotoMontaña",
        "fecha": "05/03/25",
        "tipoDeArchivo": "jpg",
        "peso": 14.8,
        "favorito": false
    },
    {
        "id": 6,
        "nombre": "fotoPlaya",
        "fecha": "20/07/25",
        "tipoDeArchivo": "jpeg",
        "peso": 18.0,
        "favorito": true
    },
    {
        "id": 7,
        "nombre": "fotoCiudad",
        "fecha": "30/09/25",
        "tipoDeArchivo": "png",
        "peso": 22.4,
        "favorito": true
    }
]